Property,MAE
mu,0.98546076
alpha,3.0772727
homo,0.543181
lumo,0.5516944
gap,0.54965883
r2,96.86827
zpve,0.21780097
u0,332.5485
u298,332.40997
h298,332.51306
g298,332.48868
cv,2.0460129
u0_atom,3.140978
u298_atom,3.154861
h298_atom,3.1724608
g298_atom,2.9395983
a,187.6224
b,0.32312474
c,0.21829075
